"word","definition"
"abas","A cutaneous disease; the scald-head. porrigo"
"able","Having the necessary powers or the needed resources to accomplish a task."
"abs","(informal) The abdominal muscles"
"abut","(intransitive) To touch by means of a mutual border, edge or end; to border on; to lie adjacent (to); to be contiguous (said of an area of land)"
"agar","A gelatinous substance obtained from red algae, especially Gracilaria species, used as a bacterial culture medium, in electrophoresis and as a food additive."
"ages","(with the) History (past events): Astronomic and geologic history; human history."
"ailed","simple past and past participle of ail"
"aim","The pointing of a weapon, as a gun, a dart, or an arrow, or object, in the line of direction with the object intended to be struck; the line of fire; the direction of anything, such as a spear, a blow, a discourse, a remark, towards a particular point or object, with a view to strike or affect it."
"air","(uncountable) The substance constituting Earth's atmosphere: a gaseous mixture of nitrogen, oxygen, and various trace gases."
"airts","third-person singular simple present indicative of airt"
"ait","An island in a river, especially the River Thames in England."
"ajar","Being at variance or in contradiction to something."
"amah","(Singapore, Malaysia, Brunei, Indonesia) A female domestic helper; a maid."
"anal","(not comparable) Of, related to, intended for or involving the anus. [from 18th c.]"
"anas","plural of ana"
"and","(music, often informal) In rhythm, the second half of a divided beat."
"aneles","third-person singular simple present indicative of anele"
"anil","The indigo shrub; or the indigo dye obtained from the plant."
"animal","(sciences) A multicellular organism of the kingdom Animalia that is usually mobile, with cells that are not encased in a rigid cell wall (distinguishing them from plants and fungi) and derives energy solely from the consumption of other organisms."
"anon","An anonymous person, traditionally especially a published author but now especially an internet rando."
"ante","(poker) In poker and other games, the contribution made by all players to the pot, often before dealing all the cards."
"ape","An anthropoid of the superfamily Hominoidea, generally larger than monkeys and distinguished from them by having no tail."
"arak","A clear, unsweetened aniseed-flavoured alcoholic drink, produced and consumed primarily in the Levant."
"aras","plural of ara"
"arb","(finance, trading) The act of or potential for arbitrage."
"are","second-person singular simple present of be"
"aril","(botany) A tissue surrounding the seed in certain fruits such as pomegranates."
"ark","A spacious type of boat with a flat bottom."
"arm","(anatomy) The portion of the upper human appendage, from the shoulder to the wrist and sometimes including the hand."
"aryl","(organic chemistry) Any univalent organic radical derived from an aromatic hydrocarbon by removing a hydrogen atom."
"ass","(now often vulgar from conflation with etymology 2, noun sense 1) A stupid or inconsiderate person."
"asset","A thing or quality that has value, especially one that generates cash flows."
"ate","A respectful title or form of address for an older woman."
"atlas","A bound collection of maps often including tables, illustrations or other text."
"atp","(Internet slang, text messaging) Initialism of at this point."
"ats","plural of at"
"auks","plural of auk"
"ave","A reverential salutation."
"aver","(ambitransitive) To assert the truth of (something); to affirm (something) with confidence; to declare (something) in a positive manner."
"avi","(Internet slang, informal) An avatar displayed by a user's profile on a social networking site."
"avid","Enthusiastic; keen; eager; showing great interest in something or desire to do something."
"avo","A subdivision of currency, equal to one hundredth of a Macanese pataca."
"ayr","(Isle of Man) father"
"baas","(South Africa) An employer, a boss (frequently used as a form of address)."
"bad","Harmful, especially unhealthy; liable to cause health problems."
"bag","To gain possession of something, or to make first claim on something."
"bah","(sometimes humorous) Expressing contempt, disgust, or bad temper."
"bal","(Cornwall) The surface of a mine."
"ban","(transitive) To prohibit; to interdict; to proscribe; to forbid or block from participation."
"bard","A professional poet and singer, like among the ancient Celts, whose occupation was to compose and sing verses in honor of the heroic achievements of princes and brave men."
"bat","Any flying mammal of the order Chiroptera, usually small and nocturnal, insectivorous or frugivorous."
"bats","(informal) Mad, insane."
"bed","(countable) A piece of furniture, usually flat and soft, on which to rest or sleep."
"ben","A Scottish or Irish mountain or high peak."
"bid","An offer at an auction, or to carry out a piece of work."
"big","Someone or something that is large in stature."
"bin","A box, frame, crib, or enclosed place, used as a storage container."
"bis","(music, law) Twice; showing that something is, or is to be, repeated, such as a passage of music, or an item in accounts."
"bod","(slang) The body."
"bog","An area of decayed vegetation (particularly sphagnum moss) which forms a wet spongy ground too soft for walking."
"bol","(informal) bolognese"
"bonk","(skateboarding, snowboarding) To hit something with the front of the board, especially in midair."
"bor","(Norfolk, Suffolk) man (not used for children)."
"bot","The larva of a botfly, which infests the skin of various mammals, producing warbles, or the nasal passage of sheep, or the stomach of horses."
"bots","plural of bot"
"boy","(loosely, diminutive, especially with a possessive) A son of any age."
"bra","An item of clothing, usually underwear worn to support the breasts."
"brag","A boast or boasting; bragging; ostentatious pretence or self-glorification."
"bro","(slang) Brother, my man, good sir; a friendly term of address for typically men."
"bros","plural of bro"
"bud","A newly sprouted leaf or blossom that has not yet unfolded."
"bun","A roll of hair worn at the back of the head."
"buns","(Canada, US, euphemistic, childish) The buttocks."
"bur","A rough, prickly husk around the seeds or fruit of some plants."
"burg","(Canada, US) A city or town."
"bus","(automotive) A motor vehicle for transporting large numbers of people along roads."
"but","Used to repeat an adverb for emphasis; simply; just; absolutely."
"buts","plural of but"
"cal","calcium hydroxide, slaked lime"
"cam","A turning or sliding piece which imparts motion to a rod, lever or block brought into sliding or rolling contact with it."
"cap","(transitive) To take a screenshot or to record a copy of a video."
"cav","Clipping of cavalry"
"caw","To make the harsh cry of a crow, rook, or raven."
"cit","Clipping of citation"
"civ","Abbreviation of civil."
"cod","Any of various types of sea fish or the meat from said fish."
"coom","(Scotland) The wooden centering on which a bridge is built."
"cor","A Hebrew unit of liquid volume, about equal to 230 L or 60 gallons."
"cork","A bottle stopper made from this or any other material."
"corp","Alternative form of corp.."
"cos","(chiefly UK) Synonym of romaine lettuce, a long-leaved variety of lettuce."
"cram","The act of cramming (forcing or stuffing something)."
"dab","A soft tap or blow; a blow or peck from a bird's beak; an aimed blow."
"dag","A dangling lock of sheep’s wool matted with dung."
"dah","(Myanmar) A long knife or sword with a round cross-section grip, a long, gently curving blade with a single edge, and no guard."
"dahs","plural of dah"
"dam","The water reservoir resulting from placing such a structure."
"dan","(mining) A small truck or sledge used in coal mines."
"dap","(West Country, Somerset, Bristol, Wales, usually in the plural) A plimsoll."
"dar","African-American Vernacular form of there."
"dart","A pointed missile weapon, intended to be thrown by the hand; for example, a short lance or javelin."
"darter","Any member of the family Anhingidae, waterbirds with long necks."
"daw","A western jackdaw, Coloeus monedula, a passerine bird in the crow family (Corvidae), more commonly called jackdaw."
"deb","(informal) A debutante (a young woman who makes her first formal appearance in society)."
"debut","A performer's first performance to the public, in sport, the arts or some other area."
"decaf","(informal) A decaffeinated coffee, tea, or soft drink."
"decal","A design or picture produced in order to be transferred to another surface either permanently or temporarily."
"deem","(ditransitive) To hold in belief or estimation; to adjudge as a conclusion; to regard as being; to evaluate according to one's beliefs; to account."
"deep","Extending far down from the top, or surface, to the bottom, literally or figuratively."
"deeps","plural of deep"
"deer","(countable; in particular) Such a mammal that is in the family Cervidae."
"def","(African-American Vernacular, slang) Excellent; very good."
"deffer","comparative form of def: more def"
"deg","(mathematics, countable) Abbreviation of degree."
"del","(mathematical analysis) The symbol ∇ used to denote the gradient operator."
"deliver","To bring or transport something to its destination."
"delos","plural of delo"
"dem","(Caribbean, Jamaica, MLE, slang) (clitic, suffix) A group of."
"demit","(transitive) To let fall; to depress; to yield."
"den","A small cavern or hollow place in the side of a hill, or among rocks; especially, a cave used by a wild animal for shelter or concealment."
"denier","One who denies or forbids something."
"denies","third-person singular simple present indicative of deny"
"denim","A textile often made of cotton with a distinct diagonal pattern."
"dep","(law, informal) A deposition."
"depot","A storage space for public transport and other vehicles where they can be maintained and from which they are dispatched for service."
"der","Nonstandard form of there."
"desserts","plural of dessert"
"devil","The bad part of the conscience; the opposite to the angel."
"dew","(uncountable) Moisture in the air that settles on plants, etc in the morning or evening, resulting in drops."
"dews","third-person singular simple present indicative of dew"
"dial","A graduated, circular scale over which a needle moves to show a measurement (such as speed)."
"dialer","A person or device that dials, as using a telephone."
"diam","(informal, Singapore, chiefly Malaysia) Be quiet."
"diaper","(chiefly Canada, US, Philippines, India) An absorbent garment worn around the crotch that retains the wearer's urine and feces, often worn by a baby or young child who is not yet toilet trained, or by an adult who is incontinent or wets the bed, or under extreme working conditions without access to a toilet; a nappy."
"dias","Misspelling of dais."
"dib","To dig a hole by poking; especially, to dig a small hole in soil for the purpose of planting a bulb or seed."
"dig","(transitive) To get by digging; to take from the ground; often with up."
"dim","To deprive of distinct vision; to hinder from seeing clearly, either by dazzling or clouding the eyes; to darken the senses or understanding of."
"dine","(transitive) To give a dinner to; to furnish with the chief meal; to feed."
"dir","Abbreviation of direction."
"dis","(Norse mythology) Any of a group of minor female deities in Scandinavian folklore."
"diva","Any female celebrity, usually a well known singer or actress."
"dna","Alternative form of DNA."
"dob","A small amount of something, especially paste."
"doc","(informal, usually in the plural) A document, especially (in professional jargon) a piece of technical documentation or legal evidence."
"dog","The species Canis familiaris (sometimes designated Canis lupus familiaris), domesticated for thousands of years and of highly variable appearance because of human breeding."
"doh","(music) A syllable used in solfège to represent the first and eighth tonic of a major scale."
"dom","A title formerly borne by member of the high nobility of Portugal and Brazil."
"don","(UK) A university professor, particularly one at Oxford or Cambridge."
"doom","An undesirable fate; an impending severe occurrence or danger that seems inevitable."
"door","(architecture) A portal of entry into a building, room, or vehicle, typically consisting of a rigid plane movable on a hinge. It may have a handle to help open and close, a latch to hold it closed, and a lock that ensures it cannot be opened without a key."
"dor","Any of species Geotrupes stercorarius of large European dung beetles that make a droning noise while flying."
"dorp","(now chiefly South Africa) A village or small town; a town considered provincial."
"dort","(intransitive) To become pettish; sulk."
"dos","plural of do"
"dot","(grammar) A punctuation mark used to indicate the end of a sentence or an abbreviated part of a word; a full stop; a period."
"drab","A fabric, usually of thick cotton or wool, having a dull brownish yellow, dull grey, or dun colour."
"drag","(physics, uncountable) Resistance of a fluid to something moving through it."
"draw","That which draws: that which attracts e.g. a crowd."
"drawer","An open-topped box that can be slid in and out of the cabinet that contains it, used for storing clothing or other articles."
"draws","plural of draw"
"dray","A kind of sledge or sled."
"dual","(geometry) Of a regular polyhedron with V vertices and F faces, the regular polyhedron having F vertices and V faces."
"dub","(music, uncountable) A style of reggae music involving mixing of different audio tracks."
"duh","A nonsensical utterance by an individual about to go unconscious, especially if they're dizzy."
"duo","Two people who work or collaborate together as partners; especially:"
"dup","to open (a door, gate etc.)"
"ear","(countable) The external part of the organ of hearing, the auricle."
"edit","(computing) A change in the text of a file, a website or the code of software."
"eel","Any freshwater fish of the order Anguilliformes, which are elongated and resemble snakes."
"emir","A prince, commander or other leader or ruler in an Islamic nation."
"emit","(intransitive) To come out, to be sent out or given off."
"emos","plural of emo"
"enid","(zoology) Any snail in the family Enidae."
"enol","(organic chemistry) An organic compound containing a hydroxyl group bonded to a carbon atom which is doubly bonded to another carbon atom."
"eon","An immeasurably or indefinitely long period of time."
"era","A time period of indeterminate length, generally more than one year."
"ergo","Consequently, therefore, or thus."
"eros","A winged figure of a child representing love or its power."
"eta","The seventh letter of the Modern Greek alphabet, the eighth in Old Greek."
"etas","plural of eta"
"eva","Pronunciation spelling of ever."
"evil","Moral badness; wickedness; malevolence; the forces or behaviors that are the opposite or enemy of good."
"eviler","comparative form of evil: more evil"
"faced","(in combination) Having a specified type or number of faces."
"fao","Abbreviation of for the attention of; used on an address or label, specifies an individual to whom the document should be delivered, usually put on when the address is of an organisation."
"far","Emmer (a type of wheat), especially in the context of Roman use of it."
"fed","(Canada, in the plural) The Canadian federal government."
"feer","(Scotland, transitive, agriculture) To mark (a field) with furrows before ploughing."
"fiat","An arbitrary or authoritative command or order to do something; an effectual decree."
"fig","A fruit-bearing tree or shrub of the genus Ficus that is native mainly to the tropics."
"fine","A fee levied as punishment for breaking the law."
"fir","(chiefly countable) A conifer of the genus Abies."
"fires","plural of fire"
"flog","(Internet slang) A weblog designed to look authentic, but actually developed as part of a commercial marketing strategy to promote some product or service."
"flor","A film of yeast that develops on the surface of some wines during fermentation, induced deliberately during the production of sherry."
"flow","The movement of a real or figurative fluid."
"fps","Initialism of frames per second."
"fret","Agitation of the surface of a fluid by fermentation or some other cause; a rippling on the surface of water."
"gab","One of the open-forked ends of rods controlling reversing in early steam engines."
"gad","(intransitive) To move from one location to another in an apparently random and frivolous manner."
"gal","(colloquial) A young woman or girl; generally a form of rural Southern slang."
"gals","plural of gal"
"gam","Collective noun used to refer to a group of whales, or rarely also of porpoises; a pod."
"gan","(Northumbria, North Yorkshire) To go."
"gar","(especially US, Canada) Any of several North American fish of the family Lepisosteidae that have long, narrow jaws."
"garb","A measure of arrows in the Middle Ages."
"gas","(countable, physical chemistry) A chemical element or compound in such a state."
"gat","(originally 1920s gangster slang) Any type of gun, usually a pistol."
"gats","plural of gat"
"ged","(Scotland) A greedy person"
"gee","(intransitive) Of a horse, pack animal, etc.: to move forward; go faster; or turn in a direction away from the driver, typically to the right."
"gel","A semi-solid to almost solid colloid of a solid and a liquid, such as jelly, cheese or opal."
"gem","A precious stone, usually of substantial monetary value or prized for its beauty or shine."
"gen","(birdwatching) Information about the location of a bird."
"ger","(Judaism) A male convert to Judaism; a Jewish proselyte."
"gib","(transitive, video games) To destroy an in-game object so that it turns into gibs."
"gid","A disease caused by coenurosis of the brain, most commonly found in sheep and canids."
"gif","Alternative letter-case form of GIF."
"giro","(in Europe, etc.) A transfer of funds between different account holders, carried out by the bank according to payer's written instructions."
"girt","A horizontal structural member of post and beam architecture, typically attached to bridge two or more vertical members such as corner posts."
"gnat","Any small insect of the order Diptera, specifically within the suborder Nematocera."
"gnats","plural of gnat"
"gnaw","(ambitransitive) To bite something persistently, especially something tough."
"gnus","plural of gnu"
"gob","(countable) A lump of soft or sticky material."
"god","A deity or supreme being; a supernatural, typically immortal, being with superior powers, to which personhood is attributed."
"golf","(sports) A ball game played by individuals competing against one another in which the object is to hit a ball into each of a series of (usually 18 or nine) holes in the minimum number of strokes."
"gorp","A loose mixture of dried fruit, nuts, frequently salt, and sometimes other ingredients; designed as an energy supplement for use while hiking, climbing, canoeing, etc."
"got","(Singlish, auxiliary) Marks the completive or experiential aspect."
"grad","Clipping of graduate."
"gram","A unit of mass equal to one-thousandth of a kilogram. Symbol: g."
"gro","(US, slang) Disgusting, unpleasant; gross."
"grub","(ambitransitive) To dig; to dig up by the roots; to root out by digging; often followed by up."
"grus","(geology) An accumulation of angular, coarse-grained fragments (particles of sand and gravel) resulting from the chemical and mechanical weathering of crystalline rocks."
"gulp","To swallow eagerly, or in large draughts; to swallow up; to take down in one swallow."
"gum","(botany, biochemistry, chiefly uncountable) A viscous water-soluble carbohydrate exudate of certain plants that hardens when it becomes dry, or such a substance as a component of a plant exudate."
"gums","plural of gum"
"guns","plural of gun"
"gut","(transitive) To remove or destroy the most important parts of."
"hab","A habitation or habitation facility."
"had","(auxiliary, followed by a past participle) Used to form the past perfect tense, expressing an action that took place prior to a reference point that is itself in the past."
"hales","third-person singular simple present indicative of hale"
"han","Sorrowful resentment, as a part of the Korean cultural identity."
"harris","(UK, slang) A dried preparation of the flowering tops or other parts of the cannabis plant used as a psychotropic drug."
"hay","(uncountable) Grass cut and dried for use as animal fodder."
"hem","(sewing) The border of an article of clothing doubled back and stitched together to finish the edge and prevent it from fraying."
"hen","A female chicken (Gallus gallus), especially a sexually mature one kept for her eggs."
"hod","A three-sided box mounted on a pole for carrying bricks, mortar, or other construction materials over the shoulder."
"hoo","(West Midlands and South West England) he, also a gender-neutral third person pronoun"
"hoop","A circular band of metal used to bind a barrel."
"idol","A graven image or representation of anything that is revered, or believed to convey spiritual power."
"ids","plural of id"
"isp","Abbreviation of ichnospecies."
"ital","(Jamaica, Iyaric) Pure, natural food suiting a Rastafari lifestyle."
"jam","(countable, baseball) A difficult situation for a pitcher or defending team."
"jar","(originally) An earthenware container, either with two or no handles, for holding oil, water, wine, etc., or used for burial."
"kara","(Sikhism) A bangle worn by Sikhs, one of the five Ks, to remind them to do God's work."
"kay","The name of the Latin script letter K/k."
"kcal","Abbreviation of kilocalorie."
"keel","(nautical) A large beam along the underside of a ship’s hull from bow to stern."
"keels","plural of keel"
"keep","(transitive) To remain faithful to a given promise or word."
"knaps","third-person singular simple present indicative of knap"
"knar","A knot or burl in a tree; a knurl, a gnarl."
"knits","third-person singular simple present indicative of knit"
"knob","A rounded protuberance, especially one arising from a flat surface; a fleshy lump or caruncle."
"know","(transitive) To perceive the truth or factuality of; to be certain of; to be certain that."
"kra","The letter Κʻ or ĸ, formerly used to write the Kalaallisut language of Greenland, replaced in 1973 by the letter q."
"lab","(colloquial) Laboratory experiment, test, investigation or result."
"lac","A resinous substance or lacquer produced mainly on the banyan tree by the female of Kerria lacca, a scale insect."
"laced","Intentionally tainted with something, especially a drug."
"lack","A deficiency or need (of something desirable or necessary); an absence, want, dearth."
"laded","simple past and past participle of lade"
"lag","(countable) A gap, a delay; an interval created by something not keeping up; a latency."
"lager","A type of beer, brewed using a bottom-fermenting yeast."
"laid","(of paper) Marked with parallel lines, as if ribbed, from wires in the mould."
"lair","A place inhabited by a wild animal, often a cave or a hole in the ground."
"lamina","A thin layer, plate, or scale of material."
"lana","The tree Genipa americana."
"langer","(derogatory) Fool; idiot; annoying or contemptible person (usually male)."
"lap","(transitive) To fold; to bend and lay over or on something."
"las","plural of la"
"laud","(in the plural, also Lauds) A prayer service following matins."
"lav","(UK, Ireland, slang) Clipping of lavatory."
"laver","A red alga/seaweed, Porphyra umbilicalis (syn. Porphyra laciniata), eaten as a vegetable."
"law","(usually with ""the"") The body of binding rules and regulations, customs, and standards established in a community by its legislative and judicial authorities."
"led","Of a farm, etc.: managed by a deputy instead of the owner or tenant in person."
"lee","A sheltered place, especially a place protected from the wind by some object; the side sheltered from the wind (see also leeside); shelter; protection."
"leek","A vegetable of variety Allium ampeloprasum, having edible leaves and an onion-like bulb but with a milder flavour than the onion."
"leer","A significant side glance; a glance expressive of some passion, as malignity, amorousness, etc.; a sly or lecherous look."
"lees","The sediment that settles during fermentation of beverages, consisting of dead yeast and precipitated parts of the fruit."
"leg","A limb or appendage that an animal uses for support or locomotion on land."
"leper","A person who has leprosy, a person suffering from Hansen's disease."
"let","The allowing of possession of a property etc. in exchange for rent."
"lev","The currency of Bulgaria from 1880 to 2025; divided into 100 stotinki."
"lever","(mechanics) A bar, as a capstan bar, applied to a rotatory piece to turn it."
"liar","Someone who tells a lie; especially, a person who frequently lies."
"lias","A type of blue limestone present in parts of southern England and Wales."
"lied","(music) An art song, usually sung solo in German and accompanied on the piano."
"lien","(law) A right to take possession of a debtor’s property as security until a debt or duty is discharged."
"lime","A deciduous tree of the genus Tilia, especially Tilia × europaea; the linden tree."
"lin","Alternative spelling of linn."
"lion","A big cat, Panthera leo, native to Africa, India and formerly much of Europe."
"lira","The former currency of Israel, superseded by the sheqel."
"lit","(slang) Drunk, intoxicated; under the influence of drugs or alcohol."
"live","(intransitive) To have permanent residence somewhere, to inhabit, to reside."
"lived","(in combination) Having a specified duration of life."
"liven","(ambitransitive) To cause to be more lively, or to become more lively."
"lob","(ball games) A pass or stroke which arcs high into the air."
"lone","Sole; being the only one of a type."
"loop","A shape produced by a curve that bends around and crosses itself."
"loops","plural of loop"
"loot","Synonym of sack, the plundering of a city, particularly during war."
"looter","One who loots, who steals during a general disturbance such as a riot or natural disaster."
"loots","third-person singular simple present indicative of loot"
"lop","That which is lopped from anything, such as branches from a tree."
"los","Alternative form of loos (“praise; fame; reputation”)."
"lots","(colloquial) A great deal; very much."
"lyra","A bowed string musical instrument used in the Byzantine Empire."
"mac","(UK, US, Canada, Australia, slang, offensive, derogatory, ethnic slur) A person of Scottish descent (used in driving culture to denigrate someone for poor/slow/amateurish driving responses)."
"macs","plural of mac"
"mad","(chiefly British) Insane; crazy, mentally deranged."
"made","simple past and past participle of make"
"mag","(colloquial) Clipping of magazine."
"maid","An adult or adolescent female servant or cleaner (short for maidservant). (In feudal times this could be anyone from a high-ranking assistant to a low-ranking cleaner.)"
"mail","(uncountable, history) Armour consisting of metal rings linked together."
"maj","Alternative form of maj.."
"male","A human member of the masculine sex or gender."
"man","An adult male who belongs to a particular group: an employee, a representative, etc."
"mana","Power, prestige; specifically, a form of supernatural energy in Polynesian religion that inheres in things or people."
"manna","(biblical) Food miraculously produced for the Israelites in the desert in the book of Exodus."
"map","A visual representation of an area, whether real or imaginary, showing the relative positions of places and other features."
"maps","plural of map"
"mar","(transitive) To spoil; to ruin; to scathe; to damage."
"mara","(European folklore) A nightmare; a spectre or wraith-like creature in Germanic and particularly Scandinavian folklore; a female demon who torments people in sleep by crouching on their chests or stomachs, or by causing terrifying visions."
"marc","The refuse matter that remains after fruit, particularly grapes, has been pressed."
"marcs","plural of marc"
"marg","(India) A road."
"mart","(Canada, US, Philippines, usually only in combination) A shop, a store, a market."
"mas","A country cottage or farmstead in Occitan-speaking territories."
"mat","A flat piece of coarse material used for wiping one’s feet, or as a decorative or protective floor covering."
"maws","plural of maw"
"may","(modal auxiliary verb, defective) To have permission to, be allowed. Used in granting permission and in questions to make polite requests."
"med","(informal, chiefly in the plural) Medications, especially prescribed psychoactive medications."
"meed","(transitive) To reward; bribe."
"meet","(sports) A sports competition, especially for track and field or swimming."
"meg","(colloquial, soccer) a nutmeg"
"meh","Mediocre; lackluster; unexceptional; uninspiring."
"mel","(psychoacoustics) A unit of pitch on a scale of pitches perceived by listeners to be equally spaced from one another."
"mes","plural of me"
"mho","A former unit of electric conductance, equivalent to and superseded by the siemens but still sometimes used in some contexts."
"mia","(classical studies) An ancient bluffing game played with dice."
"mid","(originally African-American Vernacular and Internet slang) Mediocre; of middling quality."
"miles","(informal) A great distance in space or time."
"mils","plural of mil"
"min","(informal) minoxidil"
"mined","That has been mined (in various senses)."
"mod","(UK) A 1960s British person who dressed in such a style and was interested in modernism and the modern music of the time; the opposite of a rocker."
"mode","(computing) One of various related sets of rules for processing data; more generally, any state of the system associated with certain behaviours."
"mon","The badge or emblem of a Japanese family, especially a family of the ancient feudal nobility; typically circular and consists of conventionalized forms from nature."
"mood","Emotional character (of a work of music, literature, or other art)."
"moor","(intransitive, nautical) To cast anchor or become fastened."
"mop","(intransitive) To make a wry expression with the mouth."
"mos","plural of mo (“month; molester”)"
"mot","(UK, Ireland, slang) A woman; a wife."
"mss","plural of ms"
"mug","A large cup for beverages, usually having a handle and used without a saucer."
"mural","A large painting, usually drawn on a wall."
"mus","plural of mu"
"nab","(locksmithing) The keeper, or box into which the lock is shot."
"nad","(linguistics) noun animate dependent"
"nag","To bother or disturb persistently in any way."
"nah","(Manglish, Singlish) here! (when giving something)."
"nailed","(often in combination) Having nails (of a specified kind)."
"naira","The official currency of Nigeria. Equal to 100 kobo. (The naira replaced the pound in 1973.)"
"naive","(of art) Produced in a simple, childlike style, deliberately rejecting sophisticated techniques."
"nam","simple past of nim"
"nap","A soft or fuzzy surface, generally on fabric or leather."
"naps","plural of nap"
"nat","A spirit in Burmese mythology, whose cult is followed alongside Buddhism."
"nav","(informal) to navigate"
"nave","(architecture) The middle or body of a church, extending from the transepts to the principal entrances."
"ned","(Scotland, slang, derogatory, offensive) A person, usually a youth, of low social standing and education, a violent disposition and with a particular style of dress (typically sportswear or Burberry), speech and behaviour."
"neg","(seduction community) An expression or implication that one has a negative value judgement of someone in order to make them desire one's approval, especially when trying to pick up a date."
"net","A device made from such mesh, used for catching fish, butterflies, etc."
"new","Used to distinguish something established more recently, named after something or some place previously existing."
"nib","The tip of a pen or tool that touches the surface, transferring ink to paper."
"niger","An Ethiopian herb, Guizotia abyssinica, grown for its seed and edible oil."
"nil","(sports) A score of zero"
"nim","A game in which players take turns removing objects from heaps."
"nip","To catch and enclose or compress tightly between two surfaces, or points which are brought together or closed; to pinch; to close in upon."
"nips","plural of nip"
"nit","(MLE) To have the modus vivendi of a drug addict, to live the life of a nitty."
"nob","(cribbage) A jack of the same suit as the card turned up by the dealer."
"nod","(ambitransitive) To incline the head up and down, as to indicate agreement."
"nodal","Of the nature of, or relating to, a node."
"noel","A kind of hymn, or canticle, of mediaeval origin, sung in honor of the birth of Christ; a Christmas carol."
"noil","A short fibre left over from combing wool or spinning silk during the preparation of textile yarns."
"nom","(colloquial) To eat with noisy enjoyment. [with on]"
"noma","(pathology) A gangrenous disease of humans leading to tissue destruction of the face, especially the mouth and cheek."
"nomad","(anthropology) A member of a society or class who herd animals from pasture to pasture with no fixed home."
"nonet","(music) A composition for nine instruments or nine voices."
"nor","A function word introducing each except the first term of a series, indicating none of them is true."
"nos","plural of no"
"not","(litotes) Used to indicate the opposite or near opposite, often in a form of understatement."
"note","A mark or token by which a thing may be known; a visible sign; a character; a distinctive mark or feature; a characteristic quality."
"notes","plural of note"
"nova","(astronomy) Any sudden brightening of a previously inconspicuous star."
"now","(often with the) The state of not paying attention to the future or the past."
"nub","The essence or core of an issue, argument etc."
"nus","plural of nu"
"nut","(food, loosely) Any of various hard-shelled seeds or hard, dry fruits from various families of plants."
"nuts","(colloquial) Crazy, mad; unusually pleased or, alternatively, angered."
"oaf","(derogatory) A person, especially a large male, who is clumsy or a simpleton."
"oat","(uncountable) Widely cultivated cereal grass, typically Avena sativa."
"obi","A strip of paper looped around a book or other product."
"ode","A short poetical composition proper to be set to music or sung; a lyric poem; especially, now, a poem characterized by sustained noble sentiment and appropriate dignity of style."
"ofay","(US, ethnic slur, slang) A white person."
"ogre","(mythology, folklore) A large, grotesque, brutish humanoid monster, typically marked by great strength and a propensity to kill or devour humans."
"ohm","In the International System of Units, the derived unit of electrical resistance; the electrical resistance of a device across which a potential difference of one volt causes a current of one ampere."
"ooh","An expression of excitement, anticipation, or enthusiastic interest."
"oohs","third-person singular simple present indicative of ooh"
"orb","A spherical body; a sphere, especially one of the celestial spheres; a sun, planet, or star"
"org","Clipping of organization."
"orig","Abbreviation of original."
"oud","(music) A short-necked and fretless plucked stringed instrument of the lute family, of Arab and Turkish origin."
"ova","(cytology, embryology) plural of ovum (“gamete”)"
"pac","(originally) A moccasin with a sole made of leather or deerskin."
"pacer","In harness racing, a horse with a gait in which the front and back legs on one side take a step together alternating with the legs on the other side; as opposed to a trotter."
"pad","Any cushion-like part of the human body, especially the ends of the fingers."
"pah","Used to express distaste, disgust or outrage."
"pal","(colloquial) A friend, buddy, mate, cobber; someone to hang around with."
"pals","plural of pal"
"pam","The jack of clubs in loo played with hands of 5 cards."
"pan","A sequence in a film in which the camera pans over an area."
"pans","plural of pan"
"par","Equal value; equality of nominal and actual value; the value expressed on the face or in the words of a certificate of value, as a bond or other commercial paper."
"part","A unit of relative proportion in a mixture."
"parts","plural of part"
"pas","A step in a dance."
"pat","The sound of a light slap or tap with a soft flat object, especially of a footstep."
"paws","(informal, humorous) pause, used in contexts of animals with paws"
"pay","Money given in return for work; salary or wages."
"ped","(soil science) An aggregate of soil particles that forms a structural unit in soil."
"peed","(Commonwealth, informal) Synonym of paedophile."
"peek","To look slyly, or with the eyes half closed, or through a crevice; to peep."
"peels","plural of peel"
"pees","plural of pee"
"per","To each, in each (used in expressing ratios of units)."
"pes","the foot of a human"
"pets","plural of pet"
"pin","A needle without an eye (usually) made of drawn-out steel wire with one end sharpened and the other flattened or rounded into a head, used for fastening."
"pins","plural of pin"
"pis","plural of pi"
"pit","(motor racing) An area at a racetrack used for refueling and repairing the vehicles during a race."
"plug","(electricity) A pronged connecting device which fits into a mating socket, especially an electrical one."
"pol","(informal) A politician."
"pols","plural of pol"
"pom","(cocktail) A cocktail containing pomegranate juice and vodka."
"pooh","Expressing dismissal, contempt, impatience, etc."
"pool","A small and rather deep area of (usually) fresh water, as one supplied by a spring, or occurring in the course of a stream or river; a reservoir for water."
"pools","plural of pool"
"poons","plural of poon"
"ports","plural of port"
"pos","(UK, slang) Clipping of positive."
"pot","(preceded by definite article) The nominal household cooking vessel, metaphorically standing for the supply of food for a meal, or for the home."
"pots","plural of pot"
"pow","The sound of a violent impact, such as a punch."
"pps","plural of pp"
"prat","(now Scotland) A cunning or mischievous trick; a prank, a joke."
"proc","(video games) A special and possibly random event, typically activated by clicking on an object."
"prod","A device (now often electrical) used to goad livestock into moving."
"prog","(meteorology) To prognosticate; to forecast."
"psi","(uncountable, parapsychology, science fiction) A form of psychic energy."
"pst","Alternative form of psst."
"pta","Abbreviation of peseta."
"pud","(colloquial) Pudding (either sweet or savoury)."
"pupils","plural of pupil"
"pus","(medicine, pathology) A whitish-yellow or yellow substance composed primarily of dead white blood cells and dead pyogenic bacteria, normally found in regions of bacterial infection."
"rad","(metrology) A non-SI unit of absorbed dose of radiation, equal to 0.01 gray, that is, 1 centigray."
"rag","A piece of old cloth, especially one used for cleaning, patching, etc.; a tattered piece of cloth; a shred or tatter."
"raga","(countable, music) Any of various melodic forms used in Indian classical music, or a piece of music composed in such a form."
"rail","A horizontal bar extending between supports and used for support or as a barrier; a railing."
"raj","(South Asia) Reign; rule."
"raja","Alternative spelling of rajah."
"ram","(transitive) To seat a cartridge, projectile, or propellant charge in the breech of a firearm by pushing or striking."
"rank","A row of people or things organized in a grid pattern, often soldiers."
"rap","A lea or skein of yarn that forms the standard length taken from the reel, 80 yards of worsted or 120 yards of silk or cotton."
"raps","plural of rap"
"rat","(zoology) A medium-sized rodent belonging to the genus Rattus."
"rats","An expression of annoyance or disgust; damn, darn."
"raw","(sugar refining, sugar trade) An unprocessed sugar; a batch of such."
"rebut","To drive back or beat back; to repulse."
"recap","A tire that has had new tread glued on."
"recaps","plural of recap"
"red","(countable and uncountable) The colour of the setting sun, blood, and strawberries; the colour which is evoked by the longest visible wavelengths (between about 625–740 nm), and a primary additive colour."
"redan","A defensive fortification work in the shape of a V."
"redo","A repeated action; a doing again, refurbishment, etc."
"redraw","(computing, graphical user interface) An update to the screen display."
"reed","(countable) Any of various types of tall stiff perennial grass-like plants growing together in groups near water."
"reef","(nautical) A portion of a sail rolled and tied down to lessen the area exposed in a high wind."
"reel","A kind of spool, turning on an axis, on which yarn, threads, lines, or the like, are wound."
"ref","(informal, ambitransitive) To referee; to act as a referee in a sport or game."
"reffed","simple past and past participle of ref"
"reg","(geography) A hard surface of rock fragments set in a sandy matrix, found in some hot deserts; regolith, stony desert."
"regal","(music) An organ stop of the reed family, furnished with a normal beating reed, but whose resonator is a fraction of its natural length. In the 16th and 17th centuries these stops took a multitude of forms. Today only one survives that is of universal currency, the so-called vox humana."
"regnal","Of or pertaining to the reign of a monarch (or pope)."
"reined","simple past and past participle of rein"
"reknit","To knit again."
"relaid","simple past and past participle of relay (“lay again”)"
"relive","(transitive) To experience (something) again; to live over again."
"remark","An act of pointing out or noticing; notice or observation."
"remit","(chiefly British) Terms of reference; set of responsibilities; scope."
"rennet","An enzyme used as the first step in making cheese, to curdle the milk and coagulate the casein in it, derived by soaking the fourth stomach of a milk-fed calf in brine."
"rep","(textiles) A fabric made of silk or wool, or of silk and wool, and having a transversely corded or ribbed surface."
"repaid","simple past and past participle of repay"
"repel","(transitive) To cause repulsion or dislike in; to disgust."
"res","plural of re"
"resat","simple past and past participle of resit"
"resew","Alternative spelling of re-sew."
"retool","(transitive) To adjust; to optimize; to rebuild."
"retrad","(anatomy) backward"
"retros","plural of retro"
"rets","third-person singular simple present indicative of ret"
"reval","(travel, aviation, informal) A revalidated ticket."
"revel","To make merry; to have a happy, lively time."
"reviled","simple past and past participle of revile"
"reward","Something of value given in return for an act."
"ria","(geography) A narrow inlet of the sea formed by a flooded unglaciated river valley."
"rial","The official currencies of Iran, Oman, and Yemen."
"rid","Followed by of: to free (oneself or someone, or a place) from an annoyance or hindrance."
"rif","Alternative letter-case form of RIF."
"rim","(transitive) To follow the contours, possibly creating a circuit."
"rime","White hair as an indication of old age."
"rimy","Coated in rime."
"rob","A syrup made of evaporating fruit juice over a fire, usually mixed with sugar or honey, and especially used for medicinal purposes."
"roc","An enormous mythical bird in Eastern legend."
"rod","A straight, round stick, shaft, bar, cane, or staff."
"roger","(radio telecommunications, procedure word) Received (used in radio communications to acknowledge that a message has been received and understood)"
"rok","Alternative form of roc."
"rolf","(transitive) To apply the Rolfing massage technique to."
"roma","Alternative letter-case form of Roma (“a variety of tomato”)."
"ron","(slang) heroin"
"rood","A measure of land area, equal to a quarter of an acre."
"room","(uncountable) Space for something, or to carry out an activity."
"rot","(intransitive) To suffer decomposition due to biological action, especially by fungi or bacteria."
"rots","third-person singular simple present indicative of rot"
"rub","(transitive) To spread a substance thinly over; to smear."
"rue","(transitive) To repent of or regret (some past action or event); to wish that a past action or event had not taken place."
"rug","(UK, Australia) A (usually thick) piece of fabric used for warmth (especially on a bed); a blanket."
"rya","A Scandinavian knotted-pile woollen rug, used as bed-cover and tapestry."
"saba","(cooking) A sweet grape syrup made from grape must"
"sag","To sink, in the middle, by its weight or under applied pressure, below a horizontal line or plane."
"said","Mentioned earlier; aforesaid."
"sail","To be impelled or driven forward by the action of wind upon sails, as a ship on water; to be impelled on a body of water by steam or other power."
"sakis","plural of saki"
"sal","Shorea robusta, a dipterocarpaceous tree."
"sam","(slang) Federal narcotics agent."
"sap","(transitive) To make unstable or infirm; to unsettle; to weaken."
"saps","plural of sap"
"sari","The traditional dress of women in the Indian Subcontinent; an outer garment consisting of a single length of cotton or silk, most often with one end wrapped around the waist to form a skirt, the other draped over the shoulder or head."
"sate","(transitive) To satisfy the appetite or desire of; to fill up."
"saw","(usually) Such a tool with a toothed blade."
"scam","Something that is promoted using scams."
"scram","(intransitive, originally US, often imperative) To leave in a hurry; to go away."
"secret","(countable) A piece of knowledge that is hidden and intended to be kept hidden."
"seel","(falconry) To sew together the eyelids of a young hawk."
"seep","(intransitive) To ooze or pass slowly through pores or other small openings, and in overly small quantities; said of liquids, etc."
"sega","(music) A genre of popular music mainly associated with Mauritius."
"seined","simple past and past participle of seine"
"selah","(Christianity) A pause or rest of a contemplative nature."
"sem","Clipping of seminary."
"sep","Abbreviation of sepal."
"ser","Abbreviation of serial."
"serif","(typography) A short line added to the end of a stroke in traditional typefaces, such as Times New Roman."
"seton","(medicine, agriculture) A few silk threads or horsehairs, or a strip of linen etc., introduced beneath the skin by a knife or needle, so as to induce suppuration; also, the issue so formed."
"shad","Any one of several species of food fishes that make up the genus Alosa in the family Clupeidae, to which the herrings also belong; river herring."
"shh","Comforting one who is crying."
"shoo","(transitive, informal) To induce someone or something to leave."
"sib","A kinsman; a blood relation; a relative, near or remote; one closely allied to another; an intimate companion."
"sid","(slang) sadiki"
"sikas","plural of sika"
"silos","plural of silo"
"sima","(architecture) The upturned edge of a roof which acts as a gutter; a cyma."
"sinned","simple past and past participle of sin"
"sip","An event at which people drink alcohol in small, usually subintoxicating amounts."
"sire","(transitive, of a male) To father; to beget."
"siva","Any of various birds formerly of genus Siva, now part of genus Actinodura, of barwings."
"six","(cricket) An event whereby a batsman hits a ball which does not bounce before passing over a boundary in the air, resulting in an award of 6 runs for the batting team."
"skua","Any of various predatory seabirds of the genus Stercorarius that often chase other seabirds to steal their catches."
"skuas","plural of skua"
"slag","Scum that forms on the surface of molten metal."
"slap","(countable) A blow, especially one given with the open hand, or with something broad and flat."
"sleek","(transitive) To make smooth or glossy; to polish."
"sleep","(uncountable) The state of reduced consciousness during which a human or animal rests in a daily rhythm."
"sleets","third-person singular simple present indicative of sleet"
"slim","A type of cigarette substantially longer and thinner than normal cigarettes."
"slipup","Alternative form of slip-up."
"sloop","(nautical) A single-masted sailboat with only one headsail."
"sloops","plural of sloop"
"slop","(transitive) To spill or dump liquid upon; to soil with a spilled liquid."
"smart","(intransitive) To feel a pungent pain of mind; to feel sharp pain or grief; to be punished severely; to feel the sting of evil."
"smug","Irritatingly pleased with oneself; offensively self-complacent, self-satisfied."
"smut","(uncountable) Sexually vulgar material; something that is sexual in a dirty way; pornographic material."
"snap","(intransitive, transitive) To fracture or break apart suddenly."
"snaps","plural of snap"
"snip","To cut with short sharp actions, as with scissors."
"snips","shears; hand tools used to cut sheet metal and other tough webs"
"snit","A U.S. unit of volume for liquor equal to 2 jiggers, 3 U.S. fluid ounces, or 88.7 milliliters."
"snoop","To secretly spy on or investigate, especially into the private personal life of others."
"snoops","plural of snoop"
"snot","(informal, uncountable, sometimes slightly vulgar) Mucus, especially mucus from the nose."
"snub","(transitive) To slight, ignore or behave coldly toward someone."
"snug","(British) A small, comfortable back room in a pub."
"soc","(UK, university slang) A society (circle, club, interest group)."
"sod","(uncountable) The stratum of the surface of the soil which is filled with the roots of grass, or any portion of that surface; turf; sward."
"sol","(astronomy) A solar day on the planet Mars (equivalent to 24 hours, 39 minutes, 35 seconds)."
"soled","(in combination) Having a specified kind of sole."
"som","The currency of Kyrgyzstan. Symbol: ⃀."
"soma","(by extension, science fiction) Any kind of intoxicating drug."
"somas","plural of soma"
"some","An indefinite amount; a part. Used mostly with abstract and nonliving objects."
"son","A male person considered to have been significantly shaped by social conflict."
"sone","(acoustics) a subjective unit of loudness for an average listener equal to the loudness of a 1000-hertz sound that has an intensity 40 decibels above the listener's own threshold of hearing"
"sonnet","A fixed verse form of Italian origin consisting of fourteen lines that are typically five-foot iambics and rhyme according to one of a few prescribed schemes."
"sop","A piece of solid food to be soaked in liquid food."
"sorb","Any of various related trees, including the wild service tree, S. torminalis, and the rowan, S. aucuparia."
"sore","An injured, infected, inflamed or diseased patch of skin."
"sorter","A person employed to sort."
"spacer","An object inserted to hold a space open in a row of items, e.g. beads or printed type."
"spam","(uncountable, computing, Internet) Any undesired electronic content automatically generated for commercial purposes."
"span","(by extension) A small space or a brief portion of time."
"spank","An instance of spanking, separately or part of a multiple blows-beating; a smack, swat, or slap."
"spans","plural of span"
"spar","To fight, especially as practice for martial arts or hand-to-hand combat."
"spas","plural of spa"
"spat","The spawn of shellfish, especially oysters and similar molluscs."
"spay","(transitive) To destroy or remove the ovaries or uterus (of a female animal) to prevent pregnancy."
"speed","The state of moving quickly or the capacity for rapid motion."
"spin","(transitive) To make yarn by twisting and winding fibers together."
"spins","vertigo"
"spit","A thin metal or wooden rod on which meat is skewered for cooking, often over a fire."
"spool","A reel; a device around which thread, wire or cable is wound, especially a cylinder or spindle."
"spools","plural of spool"
"spoons","A child's card game."
"sports","Synonym of sport (“the class of physical activies; athletics”)."
"spot","A round or irregular patch on the surface of a thing having a different color, texture etc. and generally round in shape."
"spots","plural of spot"
"sprat","Any of various small, herring-like, marine fish in the genus Sprattus, in the family Clupeidae."
"sprits","plural of sprit"
"sta","Abbreviation of station."
"stab","An act of stabbing or thrusting with an object."
"stag","(countable) An adult male deer, especially a red deer and especially one in high adulthood versus a young adult."
"stang","(Wicca, paganism) A forked ritual staff."
"star","Any small, natural and bright dot in the sky, most visible in the night or twilight sky. This sense includes the planets, but it is now sometimes used in exclusion of them due to influence from the technical astronomical sense."
"stat","(medicine) With no delay; at once."
"std","(computing) Standard library."
"steels","(with ""the"") skates"
"step","An advance or movement made from one foot to the other; a pace."
"stet","A symbol used by proofreaders and typesetters to indicate that a word or phrase that was crossed out or changed should remain as it was."
"stew","(Scotland and England) A cloud of fine particles or droplets; dust, smoke, vapor, mist, or sea-spray."
"stink","(intransitive) To give an impression of dishonesty, untruth, or sin."
"stirps","A progenitor of a branch of a family."
"stob","A small post for supporting paling."
"stool","(agriculture) To ramify; to tiller, as grain; to shoot out suckers."
"stop","A (usually marked) place where buses, trams or trains halt to let passengers get on and off, usually smaller than a station."
"stops","plural of stop"
"stows","third-person singular simple present indicative of stow"
"strap","A long, narrow, pliable strip of leather, cloth, or the like."
"straw","(countable) A dried stalk of a cereal plant."
"stressed","Suffering stress (either physical or mental)."
"stria","A stripe, usually one of a set of parallel stripes."
"strop","A strap; more specifically a piece of leather or a substitute (notably canvas), or strip of wood covered with a suitable material, for honing a razor."
"strops","plural of strop"
"stu","(slang, rap) Clipping of studio."
"stub","Something blunted, stunted, or cut short, such as stubble or a stump."
"stun","(transitive) To incapacitate; especially by inducing disorientation or unconsciousness."
"sub","(microscopy) To prepare (a slide) with a layer of transparent substance to support and/or fix the sample."
"sued","simple past and past participle of sue"
"sum","A summary; the principal points or thoughts when viewed together; the substance."
"sumac","Any of various shrubs or small trees of the genus Rhus and certain other genera in Anacardiaceae."
"sun","(astronomy) A star, especially when seen as the centre of any single solar system."
"sung","past participle of sing"
"sup","A sip; a small amount, of food or drink, water or rain."
"surg","Abbreviation of surgery."
"swam","simple past of swim"
"swap","(transitive) To exchange or give (something) in an non-normal exchange (for something else)."
"sward","(countable) An expanse of land covered in grass; a lawn or meadow."
"swat","(transitive) To beat off, as insects; to bat, strike, or hit."
"sway","(intransitive) To move or swing from side to side; or backward and forward; to rock."
"swot","One who swots; a boffin, nerd, or smart aleck."
"swots","plural of swot"
"tab","A small flap or strip of material attached to or inserted into something, for holding, manipulation, identification, opening etc."
"tad","(informal) A small amount; a little bit."
"tag","Something mean and paltry; the rabble, originally refer to rag as torn cloth."
"tam","Synonym of picul, a unit of weight, particularly in Cantonese contexts."
"tan","A darkening of the skin resulting from exposure to sunlight or similar light sources."
"tana","The banxring or tree shrew."
"tang","A strong or offensive taste; especially, a taste of something extraneous to the thing itself."
"tao","(by extension) The art or skill of doing something in harmony with the essential nature of the thing."
"tap","A light blow or strike with a clear sound; a gentle rap; a pat; also, the sound made by such a blow or strike."
"taps","(military) A signal, by drum or trumpet, for extinguishing all lights in soldiers' quarters and retiring to bed, usually given about a quarter of an hour after tattoo; the signal is sometimes also given during the funeral of a soldier."
"tar","A Persian long-necked, waisted string instrument, shared by many cultures and countries in the Middle East and the Caucasus."
"tarp","To cover something with a tarpaulin."
"tarps","plural of tarp"
"taser","(figuratively) To strike verbally or gesturally with ill intents."
"tats","plural of tat"
"taw","A favorite marble in the game of marbles."
"taws","Alternative spelling of tawse."
"teem","To be prolific; to abound; to be rife."
"tel","Abbreviation of telephone number."
"ten","(in the plural) An inexact quantity, typically understood to be between 20 and 100."
"tenner","(informal, UK, Ireland) A monetary note (bill) whose face value is ten basic units of currency. Originally, a ten-shilling (half pound) note."
"tennos","plural of tenno"
"tenon","A projecting member left by cutting away the wood around it, and made to insert into a mortise, and in this way secure together the parts of a frame."
"terces","plural of terce"
"terf","Alternative letter-case form of TERF."
"tets","plural of tet"
"tia","Initialism of Telecommunications Industry Association."
"tic","(neurology) A sudden, nonrhythmic motor movement or vocalization."
"tide","The daily fluctuation in the level of the sea caused by the gravitational influence of the moon and the sun."
"tier","A row or range, especially one at a higher or lower level than another."
"til","Any of species Ocotea foetens in family Lauraceae, native to Madeira and the Canary Islands."
"time","(uncountable) The inevitable progression into the future with the passing of present and past events."
"timed","Happening at a certain time."
"timer","A device used to measure amounts of time."
"tin","(countable) A metal pan used for baking, roasting, storing food, etc."
"tinker","An itinerant tinsmith and mender of household utensils made of metal."
"tins","plural of tin"
"tip","The extreme end of something, especially when pointed; e.g. the sharp end of a pencil."
"tips","(Australia, playground games, uncountable) tag (a popular children's chasing game)"
"tod","An old English measure of weight, usually of wool, containing two stone or 28 pounds (13 kg)."
"tog","A tautog, a large wrasse native to the eastern coast of North America."
"toile","a draft garment made of inexpensive cloth for the purposes of fitting and design evaluation"
"tom","The male of the domesticated cat, especially if not neutered."
"ton","(figuratively) Any large, excessive, or overwhelming amount of anything."
"tons","plural of ton"
"tool","Any physical device meant to ease or do a task."
"top","(irrespective of present orientation) The part of something that is usually highest or uppermost."
"toped","simple past and past participle of tope"
"tops","(darts) The uppermost field of a dartboard; the double-20 field"
"tor","(geology) A craggy outcrop of rock on the summit of a hill, created by the erosion and weathering of rock."
"tort","(law) A wrongful act, whether intentional or negligent, regarded as non-criminal and unrelated to a contract, which causes an injury and can be remedied in civil court, usually through the awarding of damages."
"tow","The act of towing and the condition of being towed."
"tows","plural of tow"
"trad","(music) Irish traditional music"
"tram","(weaving) A silk thread formed of two or more threads twisted together, used especially for the weft, or cross threads, of the best quality of velvets and silk goods."
"trams","plural of tram"
"trap","A machine or other device designed to catch (and sometimes kill) animals, either by holding them in a container, or by catching hold of part of the body."
"treble","(music) Pertaining to the highest singing voice or part in harmonized music."
"trebled","simple past and past participle of treble"
"trod","A track or pathway."
"trot","A gait of a person or animal faster than a walk but slower than a run."
"tsp","Abbreviation of teaspoon, a unit of measurement."
"tub","A flat-bottomed vessel, of width similar to or greater than its height, used for storing or packing things, or for washing things in."
"tuba","A large brass musical instrument, usually in the bass range, played through a vibration of the lips upon the mouthpiece and fingering of the keys."
"tubed","Possessing a tube or tubes."
"tuber","A fleshy, thickened underground stem of a plant, usually containing stored starch, for example a potato or arrowroot."
"tug","(transitive) To pull or drag with great effort."
"tum","shortened form of tummy"
"tums","plural of tum"
"tun","A large cask; an oblong vessel bulging in the middle, like a pipe or puncheon, and girt with hoops; a wine cask. (See a diagram comparing cask sizes.)"
"twp","(Wales) A fool."
"uts","plural of ut"
"vac","To vacuum; to clean with a vacuum cleaner."
"val","(informal) Valium."
"van","(aerospace) A large towable vehicle equipped for the repair of structures that cannot easily be moved."
"veg","(psychology) A unit of subjective weight, equivalent to the perceived weight of lifting 100 grams."
"vel","(logic) The ∨ symbol used to represent the inclusive or, which is a logical connective."
"ven","Abbreviation of venerable."
"vic","(law enforcement, slang) A victim of a homicide."
"wad","To crumple or crush into a compact, amorphous shape or ball."
"wang","(transitive) To throw hard."
"war","(uncountable) Organized, large-scale, armed conflict between countries or between national, ethnic, or other sizeable groups, usually but not always involving active engagement of military forces."
"ward","(fencing) A guarding or defensive motion or position."
"warder","One who or that which wards or repels."
"warts","plural of wart"
"was","(now colloquial) Used in phrases with existential there when the semantic subject is (usually third-person) plural."
"wat","A Buddhist temple in Southeast Asia, especially those in Thailand, Laos, and Cambodia."
"way","A road, a direction, a (physical or conceptual) path from one place to another."
"wed","(transitive) To perform the marriage ceremony for; to join in matrimony."
"wen","A cyst on the skin; a tumor or wart."
"wets","plural of wet"
"wolf","(countable) Canis lupus; the largest wild member of the canine subfamily."
"won","The currency of Korea, worth 100 jun in North Korea and 100 jeon in South Korea."
"wonk","(derogatory, informal) An overly studious person, particularly a student."
"wop","(ethnic slur) An person of Italian descent."
"wort","(brewing, distilling) Also worts: a liquid extracted from mash (ground malt or some other grain soaked in hot water), which is then fermented to make beer, or fermented and distilled to make a malt liquor such as whisky."
"wot","first-person singular present indicative of wit"
"xis","plural of xi"
"yah","(US, UK, India, South Africa, Australia, New Zealand, Singapore, Malaysia) Yes."
"yak","An ox-like mammal native to the Himalayas, Mongolia, Myanmar, and Tibet with dark, long, and silky hair, a horse-like tail, and a full, bushy mane."
"yam","The edible, starchy, tuberous root of that plant, a tropical staple food."
"yap","(countable) The high-pitched bark of a small dog, or similar."
"yaps","plural of yap"
"yard","A small, usually uncultivated area adjoining or (now especially) within the precincts of a house or other building."
"yaw","A single tumor in the disease called yaws."
"yaws","(pathology) A contagious tropical disease, caused by the spirochete Treponema pertenue, characterized by yellowish or reddish tumors, which often resemble berries."
"yob","(derogatory, chiefly UK, Ireland, Commonwealth, slang) A person who engages in antisocial behaviour or drunkenness."
