Word,Partner,Length
delbert,trebled,7
aneles,selena,6
selena,aneles,6
lamina,animal,6
retrad,darter,6
deffer,reffed,6
reffed,deffer,6
delian,nailed,6
seined,denies,6
dialer,relaid,6
relaid,dialer,6
diaper,repaid,6
eviler,relive,6
relive,eviler,6
regnal,langer,6
looter,retool,6
retool,looter,6
slipup,pupils,6
recaps,spacer,6
spacer,recaps,6
redraw,warder,6
reknit,tinker,6
rennet,tenner,6
tenner,rennet,6
retros,sorter,6
terces,secret,6
sleets,steels,6
steels,sleets,6
spools,sloops,6
snoops,spoons,6
tennos,sonnet,6
strops,sports,6
sprits,stirps,6
stirps,sprits,6
airts,stria,5
stria,airts,5
sedna,andes,5
anele,elena,5
annam,manna,5
naira,arian,5
salta,atlas,5
sumac,camus,5
tubed,debut,5
decaf,faced,5
decal,laced,5
dedal,laded,5
laded,dedal,5
soled,delos,5
demit,timed,5
denim,mined,5
toped,depot,5
lorre,errol,5
evian,naive,5
serif,fires,5
stang,gnats,5
knaps,spank,5
ladon,nodal,5
nodal,ladon,5
larum,mural,5
reval,laver,5
liven,nevil,5
loots,stool,5
marcs,scram,5
scram,marcs,5
nonet,tenon,5
tenon,nonet,5
occas,sacco,5
sacco,occas,5
pacer,recap,5
recap,pacer,5
peels,sleep,5
poons,snoop,5
strop,ports,5
tuber,rebut,5
regor,roger,5
timer,remit,5
sumer,remus,5
resat,taser,5
taser,resat,5
resew,weser,5
sakis,sikas,5
sikas,sakis,5
somas,samos,5
sauks,skuas,5
skuas,sauks,5
silos,solis,5
snips,spins,5
sprat,tarps,5
tarps,sprat,5
stows,swots,5
swots,stows,5
abas,saba,4
abut,tuba,4
tuba,abut,4
raga,agar,4
sega,ages,4
amah,hama,4
hama,amah,4
sima,amis,4
noma,amon,4
anam,mana,4
mana,anam,4
anas,sana,4
tana,anat,4
anil,lina,4
arak,kara,4
aral,lara,4
aras,sara,4
aril,lira,4
aryl,lyra,4
auks,skua,4
skua,auks,4
reva,aver,4
diva,avid,4
saab,baas,4
bonk,knob,4
bots,stob,4
stob,bots,4
sorb,bros,4
mooc,coom,4
kroc,cork,4
dahs,shad,4
darg,grad,4
peed,deep,4
swed,dews,4
diam,maid,4
edam,made,4
eire,erie,4
emos,some,4
enif,fine,4
enol,lone,4
eris,sire,4
etas,sate,4
feer,reef,4
taif,fiat,4
terf,fret,4
gats,stag,4
trig,girt,4
gnus,sung,4
gorp,prog,4
prog,gorp,4
marg,gram,4
grus,surg,4
ipoh,hopi,4
sari,iras,4
lati,ital,4
kcal,lack,4
knar,rank,4
wonk,know,4
truk,kurt,4
rial,lair,4
seel,lees,4
liam,mail,4
lias,sail,4
noil,lion,4
stol,lots,4
macs,scam,4
scam,macs,4
spam,maps,4
maws,swam,4
mils,slim,4
naps,span,4
oren,nero,4
nips,spin,4
redo,oder,4
ofay,yafo,4
yafo,ofay,4
oohs,shoo,4
shoo,oohs,4
pees,seep,4
seep,pees,4
pols,slop,4
prat,tarp,4
tarp,prat,4
reit,tier,4
rets,ster,4
rimy,ymir,4
ymir,rimy,4
spas,saps,4
tums,smut,4
snit,tins,4
snot,tons,4
spay,yaps,4
yaps,spay,4
spiv,vips,4
vips,spiv,4
tats,stat,4
stet,tets,4
tets,stet,4
wets,stew,4
swat,taws,4
taws,swat,4
yaws,sway,4
swot,tows,4
tows,swot,4
abm,mba,3
mba,abm,3
abs,sba,3
sba,abs,3
ria,air,3
ait,tia,3
ila,ali,3
dna,and,3
apc,cpa,3
cpa,apc,3
epa,ape,3
api,ipa,3
ipa,api,3
arb,bra,3
kra,ark,3
mra,arm,3
ssa,ass,3
atp,pta,3
pta,atp,3
ats,sta,3
avi,iva,3
iva,avi,3
avo,ova,3
rya,ayr,3
lab,bal,3
tab,bat,3
dib,bid,3
nib,bin,3
sib,bis,3
dob,bod,3
gob,bog,3
nob,bon,3
yob,boy,3
nub,bun,3
pac,cap,3
cav,vac,3
vac,cav,3
wac,caw,3
civ,vic,3
cpu,upc,3
upc,cpu,3
dap,pad,3
ddt,tdd,3
tdd,ddt,3
ged,deg,3
dep,ped,3
ped,dep,3
gid,dig,3
doh,hod,3
dts,std,3
std,dts,3
duh,hud,3
hud,duh,3
dui,iud,3
iud,dui,3
dup,pud,3
pud,dup,3
edo,ode,3
eeg,gee,3
eon,noe,3
eur,rue,3
oaf,fao,3
raf,far,3
rif,fir,3
fps,spf,3
spf,fps,3
gam,mag,3
neg,gen,3
gev,veg,3
veg,gev,3
gro,org,3
org,gro,3
gur,rug,3
meh,hem,3
neh,hen,3
hhs,shh,3
shh,hhs,3
nih,hin,3
ooh,hoo,3
ibo,obi,3
obi,ibo,3
ids,sdi,3
sdi,ids,3
isp,psi,3
psi,isp,3
raj,jar,3
yak,kay,3
kor,rok,3
rok,kor,3
lav,val,3
xxl,lxx,3
pam,map,3
mho,ohm,3
ohm,mho,3
nim,min,3
pom,mop,3
ssm,mss,3
mys,sym,3
sym,mys,3
nav,van,3
nev,ven,3
yap,pay,3
pow,wop,3
wop,pow,3
pps,spp,3
spp,pps,3
pst,tsp,3
pwt,twp,3
twp,pwt,3
xis,six,3
uts,stu,3
taw,wat,3
yaw,way,3
